transaction_id,user_id,date,amount,category,merchant,currency
tx_000001,32,2024-08-31,37.97,entertainment,Amazon,USD
tx_000002,33,2023-12-29,19.06,rent,Spotify,USD
tx_000003,83,2023-01-07,107.2,investment,Walmart,USD
tx_000004,7,2023-11-07,8.84,entertainment,LocalGym,USD
tx_000005,110,2023-09-08,216.57,education,Shell,USD
tx_000006,13,2023-01-01,-8.66,rent,Walmart,USD
tx_000007,56,2024-01-17,10.52,education,Starbucks,USD
tx_000008,10,2023-05-17,36.2,transport,Spotify,USD
tx_000009,109,2023-05-16,21.8,entertainment,Uber,USD
tx_000010,131,2023-02-10,112.54,transport,Shell,USD
tx_000011,102,2024-01-06,105.3,groceries,Spotify,USD
tx_000012,154,2024-07-25,150.78,investment,Walmart,USD
tx_000013,85,2024-07-19,51.29,education,WholeFoods,USD
tx_000014,45,2024-03-11,343.7,transport,LocalGym,USD
tx_000015,158,2023-09-13,11.24,rent,WholeFoods,USD
tx_000016,168,2024-01-21,39.55,health,Walmart,USD
tx_000017,60,2024-08-17,12.78,education,Spotify,USD
tx_000018,103,2023-12-15,30.16,entertainment,Shell,USD
tx_000019,52,2023-07-21,92.64,rent,Starbucks,USD
tx_000020,37,2023-12-24,72.76,entertainment,Walmart,USD
tx_000023,22,2024-06-18,2.66,investment,Spotify,USD
tx_000024,149,2023-05-07,70.65,transport,Walmart,USD
tx_000025,70,2023-04-10,34.94,utilities,Walmart,USD
tx_000026,1,2023-03-21,36.66,rent,WholeFoods,USD
tx_000027,118,2023-11-22,16.35,education,LocalGym,USD
tx_000028,92,2023-03-15,66.82,health,Starbucks,USD
tx_000029,18,2024-12-29,3.91,rent,LocalGym,USD
tx_000030,138,2024-10-28,100.38,rent,Shell,USD
tx_000031,162,2023-09-06,54.94,investment,WholeFoods,USD
tx_000032,124,2023-01-10,55.01,groceries,Shell,USD
tx_000033,114,2023-03-08,15.4,transport,Walmart,USD
tx_000034,176,2024-12-21,20.47,utilities,Starbucks,USD
tx_000035,100,2024-11-21,118.61,transport,Walmart,USD
tx_000036,164,2023-07-26,22.28,health,Uber,USD
tx_000037,159,2024-10-30,38.61,transport,LocalGym,USD
tx_000038,49,2023-11-22,10.47,utilities,Shell,USD
tx_000039,33,2023-08-22,6.08,investment,Amazon,USD
tx_000040,123,2024-08-26,144.27,transport,Walmart,USD
tx_000041,117,2023-12-08,184.21,entertainment,Walmart,USD
tx_000042,24,2024-05-03,63.29,utilities,Shell,USD
tx_000043,13,2024-08-01,17.8,education,Walmart,USD
tx_000044,42,2024-11-10,37.18,education,Spotify,USD
tx_000045,135,2023-09-19,11.63,entertainment,Starbucks,USD
tx_000046,144,2023-02-20,65.7,rent,Spotify,USD
tx_000047,106,2024-03-25,72.28,rent,Uber,USD
tx_000048,159,2023-12-26,171.78,groceries,Starbucks,USD
tx_000049,20,2023-01-18,46.6,education,Starbucks,USD
tx_000050,94,2024-01-13,38.79,groceries,Amazon,USD
tx_000051,66,2024-08-24,66.03,rent,Spotify,USD
tx_000052,101,2024-12-23,24.97,investment,LocalGym,USD
tx_000053,29,2023-01-21,14.71,rent,LocalGym,USD
tx_000054,23,2024-09-22,127.11,health,LocalGym,USD
tx_000055,27,2024-11-17,5.09,health,WholeFoods,USD
tx_000056,160,2024-07-16,49.48,utilities,Walmart,USD
tx_000057,58,2024-10-12,70.5,rent,Shell,USD
tx_000058,148,2024-06-26,62.22,investment,Amazon,USD
tx_000059,1,2023-11-30,5.89,utilities,Starbucks,USD
tx_000060,106,2023-11-28,33.22,health,Shell,USD
tx_000061,30,2024-11-06,56.05,education,Uber,USD
tx_000062,47,2024-01-31,45.44,transport,Amazon,USD
tx_000063,53,2024-09-18,68.79,utilities,LocalGym,USD
tx_000064,7,2023-12-15,53.35,groceries,WholeFoods,USD
tx_000065,84,2023-12-02,21.93,groceries,WholeFoods,USD
tx_000066,88,2024-03-22,37.96,transport,Walmart,USD
tx_000067,140,2024-11-22,83.5,groceries,Starbucks,USD
tx_000068,185,2023-03-19,85.93,health,Walmart,USD
tx_000069,140,2024-04-28,6.46,health,LocalGym,USD
tx_000070,70,2024-02-06,52.46,entertainment,Walmart,USD
tx_000071,175,2024-01-12,10.35,investment,Starbucks,USD
tx_000072,99,2024-02-19,130.5,education,WholeFoods,USD
tx_000073,193,2024-10-22,47.25,utilities,Spotify,USD
tx_000074,145,2023-10-05,170.62,entertainment,LocalGym,USD
tx_000075,21,2023-04-03,6.57,transport,WholeFoods,USD
tx_000076,168,2024-02-14,27.14,education,Spotify,USD
tx_000077,98,2024-01-10,26.61,investment,Amazon,USD
tx_000078,33,2024-12-16,258.75,rent,WholeFoods,USD
tx_000079,130,2023-10-18,39.84,entertainment,Spotify,USD
tx_000080,160,2024-02-06,5.71,investment,Starbucks,USD
tx_000081,144,2023-03-31,64.38,utilities,Uber,USD
tx_000082,52,2024-02-05,127.43,rent,Walmart,USD
tx_000083,107,2024-10-02,54.94,rent,WholeFoods,USD
tx_000084,147,2023-07-21,140.53,transport,Starbucks,USD
tx_000085,43,2024-12-15,364.86,groceries,WholeFoods,USD
tx_000086,8,2023-05-29,14.77,groceries,LocalGym,USD
tx_000087,200,2024-04-07,1.82,education,Spotify,USD
tx_000088,180,2024-06-30,11.04,transport,Shell,USD
tx_000089,34,2023-05-22,26.65,transport,Shell,USD
tx_000090,32,2023-07-07,5.47,groceries,Walmart,USD
tx_000091,125,2023-02-24,27.52,education,WholeFoods,USD
tx_000092,185,2023-12-21,49.22,utilities,Amazon,USD
tx_000093,69,2024-07-23,24.72,investment,Spotify,USD
tx_000095,22,2023-02-14,29.94,groceries,Spotify,USD
tx_000096,189,2023-07-12,31.38,rent,Uber,USD
tx_000097,193,2023-06-02,45.06,entertainment,Uber,USD
tx_000098,41,2023-08-27,14.43,entertainment,LocalGym,USD
tx_000099,79,2023-10-11,2.25,investment,WholeFoods,USD
tx_000100,38,2023-09-20,39.66,rent,Spotify,USD
tx_000101,128,2024-09-06,38.35,transport,Amazon,USD
tx_000102,107,2024-01-19,144.55,health,Spotify,USD
tx_000103,8,2024-05-31,26.92,education,Uber,USD
tx_000104,104,2023-02-12,118.43,health,Amazon,USD
tx_000105,17,2023-03-17,10.72,groceries,WholeFoods,USD
tx_000106,124,2024-09-18,47.97,groceries,Shell,USD
tx_000107,166,2024-07-21,80.11,groceries,Spotify,USD
tx_000108,154,2023-02-26,9.88,education,Amazon,USD
tx_000109,168,2023-05-19,39.31,health,LocalGym,USD
tx_000110,174,2024-12-30,43.89,utilities,Shell,USD
tx_000111,77,2024-01-03,64.11,rent,Starbucks,USD
tx_000112,93,2023-01-12,94.52,health,Starbucks,USD
tx_000113,195,2023-11-06,12.53,transport,Amazon,USD
tx_000114,153,2024-12-03,1.59,health,LocalGym,USD
tx_000115,195,2023-05-26,17.2,rent,Starbucks,USD
tx_000116,77,2024-07-14,24.51,utilities,Uber,USD
tx_000117,22,2023-07-17,88.9,transport,Uber,USD
tx_000118,75,2023-09-06,172.24,utilities,Starbucks,USD
tx_000119,52,2024-02-09,40.72,rent,Amazon,USD
tx_000120,156,2023-12-02,-24.58,groceries,LocalGym,USD
tx_000121,112,2024-11-16,28.25,entertainment,Starbucks,USD
tx_000122,85,2024-03-08,230.97,investment,Amazon,USD
tx_000123,25,2023-11-02,48.26,groceries,WholeFoods,USD
tx_000124,129,2023-08-28,104.57,investment,Amazon,USD
tx_000125,151,2024-12-26,1.51,health,Shell,USD
tx_000126,22,2023-12-30,51.95,transport,Walmart,USD
tx_000127,166,2024-09-29,43.47,utilities,Uber,USD
tx_000128,75,2023-05-28,5.7,transport,LocalGym,USD
tx_000129,25,2024-11-08,23.8,entertainment,Walmart,USD
tx_000130,127,2024-07-02,61.87,health,LocalGym,USD
tx_000131,25,2024-07-10,1.79,investment,Shell,USD
tx_000132,64,2023-09-23,9.67,transport,Shell,USD
tx_000133,150,2024-07-16,155.58,utilities,Walmart,USD
tx_000134,86,2024-08-16,35.68,education,LocalGym,USD
tx_000135,192,2024-07-31,64.77,entertainment,Shell,USD
tx_000136,108,2024-08-10,32.81,entertainment,Shell,USD
tx_000137,179,2023-10-26,37.41,groceries,Starbucks,USD
tx_000138,74,2024-07-19,51.92,education,Walmart,USD
tx_000139,172,2024-09-23,40.38,health,Shell,USD
tx_000140,168,2023-06-26,7.15,health,Uber,USD
tx_000141,195,2024-08-26,7.64,investment,LocalGym,USD
tx_000142,118,2023-08-18,155.03,rent,Spotify,USD
tx_000143,192,2023-03-26,119.4,investment,Walmart,USD
tx_000144,104,2023-01-06,77.29,rent,Starbucks,USD
tx_000145,145,2023-11-01,120.74,utilities,Walmart,USD
tx_000146,37,2023-10-01,6.59,transport,Walmart,USD
tx_000147,189,2023-04-25,151.71,education,Spotify,USD
tx_000148,200,2024-05-14,121.22,transport,Uber,USD
tx_000149,49,2023-12-30,15.7,rent,WholeFoods,USD
tx_000150,186,2023-08-27,86.9,rent,Starbucks,USD
tx_000151,200,2023-12-05,55.94,utilities,Shell,USD
tx_000152,177,2024-04-01,94.39,transport,Walmart,USD
tx_000153,47,2023-10-14,54.58,health,Walmart,USD
tx_000154,198,2024-09-24,69.91,rent,Uber,USD
tx_000155,134,2024-10-23,83.15,investment,Uber,USD
tx_000156,70,2023-02-24,25.08,investment,LocalGym,USD
tx_000157,189,2024-01-24,4.18,health,WholeFoods,USD
tx_000158,14,2023-01-09,9.49,entertainment,LocalGym,USD
tx_000159,191,2023-10-06,17.2,groceries,Walmart,USD
tx_000160,78,2023-07-16,19.97,entertainment,Uber,USD
tx_000162,119,2023-12-31,12.56,education,Uber,USD
tx_000163,99,2024-11-07,26.18,transport,Walmart,USD
tx_000164,78,2023-11-28,24.39,groceries,WholeFoods,USD
tx_000165,138,2024-02-12,45.61,investment,WholeFoods,USD
tx_000166,49,2024-11-12,52.4,entertainment,Shell,USD
tx_000167,64,2023-07-20,50.08,rent,Starbucks,USD
tx_000168,49,2023-07-02,10.61,health,Starbucks,USD
tx_000169,87,2024-09-07,29.28,transport,LocalGym,USD
tx_000170,178,2024-08-07,15.0,utilities,LocalGym,USD
tx_000171,27,2023-05-06,55.14,health,Uber,USD
tx_000172,170,2023-12-29,23.63,entertainment,WholeFoods,USD
tx_000173,164,2024-04-26,7.87,rent,Spotify,USD
tx_000174,126,2024-12-16,2.75,transport,Shell,USD
tx_000175,195,2023-11-07,66.09,rent,WholeFoods,USD
tx_000176,81,2024-03-21,64.73,investment,Amazon,USD
tx_000177,7,2023-10-26,28.58,transport,Starbucks,USD
tx_000178,120,2024-01-29,23.89,groceries,Amazon,USD
tx_000179,153,2024-10-26,63.01,entertainment,Spotify,USD
tx_000180,64,2024-11-05,45.53,transport,LocalGym,USD
tx_000181,3,2024-10-10,106.65,groceries,Uber,USD
tx_000182,152,2023-01-10,88.28,entertainment,Walmart,USD
tx_000183,154,2023-05-27,47.12,education,Amazon,USD
tx_000184,188,2023-05-16,26.53,investment,Starbucks,USD
tx_000185,18,2023-03-31,74.35,groceries,Shell,USD
tx_000186,169,2023-07-28,75.25,rent,WholeFoods,USD
tx_000187,47,2023-07-16,51.09,investment,Starbucks,USD
tx_000188,183,2023-05-07,8.48,education,Uber,USD
tx_000189,16,2023-08-11,62.14,groceries,Walmart,USD
tx_000190,181,2024-01-23,43.63,health,LocalGym,USD
tx_000191,50,2023-08-01,12.2,investment,Walmart,USD
tx_000192,10,2023-12-17,63.49,utilities,Starbucks,USD
tx_000193,68,2024-12-10,14.23,groceries,Starbucks,USD
tx_000194,186,2023-03-16,61.41,education,Uber,USD
tx_000195,74,2024-11-01,23.67,rent,LocalGym,USD
tx_000196,80,2024-01-07,109.35,utilities,Uber,USD
tx_000197,70,2024-04-16,17.39,transport,Amazon,USD
tx_000198,134,2024-07-29,36.8,transport,WholeFoods,USD
tx_000199,188,2023-01-09,12.36,education,Shell,USD
tx_000200,137,2023-02-09,8.98,transport,Shell,USD
tx_000201,127,2023-08-05,42.31,utilities,LocalGym,USD
tx_000202,94,2023-08-30,3.91,rent,WholeFoods,USD
tx_000203,19,2024-10-12,59.57,groceries,Uber,USD
tx_000204,150,2023-11-26,101.93,utilities,Spotify,USD
tx_000206,132,2024-01-02,75.01,rent,LocalGym,USD
tx_000207,29,2024-09-30,51.98,utilities,Uber,USD
tx_000208,102,2024-05-25,151.38,investment,Walmart,USD
tx_000209,110,2024-10-27,47.81,education,Amazon,USD
tx_000210,49,2024-03-08,17.78,transport,Amazon,USD
tx_000211,131,2024-07-08,14.48,rent,Amazon,USD
tx_000212,133,2023-05-30,54.54,rent,Starbucks,USD
tx_000213,37,2023-07-01,45.06,investment,Starbucks,USD
tx_000214,149,2024-05-29,9.56,rent,LocalGym,USD
tx_000215,38,2023-10-24,3.82,transport,Amazon,USD
tx_000216,8,2023-07-09,21.03,groceries,Starbucks,USD
tx_000217,79,2024-12-20,23.05,utilities,Shell,USD
tx_000218,22,2023-05-20,65.82,transport,Shell,USD
tx_000219,36,2023-04-25,87.37,transport,Amazon,USD
tx_000220,198,2023-01-11,42.76,utilities,Walmart,USD
tx_000221,32,2023-02-21,29.83,health,Spotify,USD
tx_000222,11,2023-03-29,250.36,groceries,Amazon,USD
tx_000223,138,2023-06-14,77.45,investment,LocalGym,USD
tx_000224,38,2024-10-16,-7.32,health,Amazon,USD
tx_000225,194,2023-04-20,21.29,health,LocalGym,USD
tx_000226,114,2024-08-21,38.56,entertainment,LocalGym,USD
tx_000227,166,2024-04-19,232.62,health,Uber,USD
tx_000228,163,2024-08-22,62.82,rent,Shell,USD
tx_000229,43,2024-11-11,14.61,entertainment,Shell,USD
tx_000230,162,2023-10-08,3.57,investment,WholeFoods,USD
tx_000231,187,2024-06-17,38.47,transport,Uber,USD
tx_000232,87,2023-04-10,65.23,education,Shell,USD
tx_000233,135,2024-10-21,151.08,rent,LocalGym,USD
tx_000234,104,2023-12-07,14.98,health,WholeFoods,USD
tx_000235,176,2023-10-24,6.87,investment,Uber,USD
tx_000236,184,2023-10-20,10.49,investment,Starbucks,USD
tx_000237,78,2024-02-25,83.84,health,Uber,USD
tx_000238,7,2023-03-17,4.5,utilities,Walmart,USD
tx_000239,135,2023-07-22,15.96,entertainment,Amazon,USD
tx_000240,85,2024-09-10,89.33,transport,Spotify,USD
tx_000241,98,2023-03-31,66.28,education,Spotify,USD
tx_000242,152,2023-09-26,12.09,health,LocalGym,USD
tx_000243,68,2024-03-08,91.25,rent,Spotify,USD
tx_000244,185,2023-03-26,21.32,investment,WholeFoods,USD
tx_000245,181,2023-08-14,65.91,transport,Uber,USD
tx_000246,64,2024-12-02,74.46,education,LocalGym,USD
tx_000247,129,2023-12-15,57.26,investment,Uber,USD
tx_000248,148,2024-10-27,24.42,investment,Amazon,USD
tx_000249,19,2024-06-28,5.4,rent,Spotify,USD
tx_000250,66,2024-09-04,34.26,investment,Starbucks,USD
tx_000251,86,2024-09-30,62.57,rent,Uber,USD
tx_000252,51,2024-08-31,68.98,transport,Amazon,USD
tx_000253,151,2024-03-03,29.12,rent,Starbucks,USD
tx_000254,92,2023-12-04,216.83,investment,Spotify,USD
tx_000255,19,2024-10-08,150.55,entertainment,Shell,USD
tx_000256,176,2023-04-17,8.65,groceries,Walmart,USD
tx_000257,15,2023-07-31,8.36,entertainment,Uber,USD
tx_000258,133,2023-12-11,87.89,health,Shell,USD
tx_000259,41,2023-09-15,53.45,education,Amazon,USD
tx_000260,194,2023-01-06,14.49,transport,WholeFoods,USD
tx_000261,74,2023-12-01,8.47,utilities,Uber,USD
tx_000262,11,2023-01-17,77.6,investment,Walmart,USD
tx_000263,91,2023-01-08,27.62,health,Spotify,USD
tx_000264,40,2024-06-28,5.13,transport,LocalGym,USD
tx_000265,125,2023-12-07,15.15,investment,Spotify,USD
tx_000266,133,2024-02-20,38.79,transport,Spotify,USD
tx_000267,61,2024-06-16,17.48,utilities,Shell,USD
tx_000268,157,2024-04-26,566.22,rent,LocalGym,USD
tx_000269,171,2024-06-29,17.03,entertainment,LocalGym,USD
tx_000270,5,2024-02-14,348.67,groceries,WholeFoods,USD
tx_000271,41,2024-09-02,17.24,education,Walmart,USD
tx_000272,200,2023-02-18,19.39,investment,Walmart,USD
tx_000273,91,2023-11-17,19.51,transport,Shell,USD
tx_000274,102,2024-07-27,127.11,rent,Shell,USD
tx_000275,9,2024-07-19,31.45,investment,WholeFoods,USD
tx_000276,41,2024-09-23,33.44,rent,Walmart,USD
tx_000277,98,2023-09-06,82.89,transport,Shell,USD
tx_000278,26,2023-12-15,22.57,transport,Amazon,USD
tx_000279,164,2023-10-12,73.36,transport,Walmart,USD
tx_000280,61,2024-03-21,48.3,education,Starbucks,USD
tx_000281,194,2024-11-23,52.12,health,Amazon,USD
tx_000282,170,2024-04-17,116.18,transport,Spotify,USD
tx_000283,123,2024-02-27,19.91,education,LocalGym,USD
tx_000284,191,2024-04-27,75.39,health,Walmart,USD
tx_000285,141,2023-03-03,14.97,utilities,WholeFoods,USD
tx_000286,125,2023-04-05,13.25,transport,LocalGym,USD
tx_000287,94,2024-01-10,19.66,groceries,Starbucks,USD
tx_000288,191,2024-09-26,94.72,education,WholeFoods,USD
tx_000289,144,2024-03-11,83.04,health,Spotify,USD
tx_000290,78,2024-05-26,55.62,groceries,WholeFoods,USD
tx_000291,5,2023-01-14,40.98,education,Shell,USD
tx_000292,170,2023-03-02,57.78,health,LocalGym,USD
tx_000293,160,2024-01-21,105.8,health,LocalGym,USD
tx_000294,52,2024-06-01,91.67,entertainment,WholeFoods,USD
tx_000295,13,2024-07-28,67.07,groceries,Spotify,USD
tx_000296,183,2024-12-06,62.74,entertainment,WholeFoods,USD
tx_000297,67,2023-07-04,52.72,transport,LocalGym,USD
tx_000298,126,2023-08-04,175.53,health,Amazon,USD
tx_000299,197,2024-11-11,81.96,utilities,Spotify,USD
tx_000300,161,2023-10-12,66.94,utilities,Spotify,USD
tx_000301,174,2024-04-03,22.19,investment,Shell,USD
tx_000302,123,2024-04-19,35.93,entertainment,LocalGym,USD
tx_000303,141,2023-12-31,5.62,education,Uber,USD
tx_000304,100,2023-03-24,25.66,utilities,WholeFoods,USD
tx_000305,40,2024-01-20,90.8,transport,Walmart,USD
tx_000306,41,2024-01-20,145.71,transport,Uber,USD
tx_000307,44,2023-08-05,23.3,rent,Shell,USD
tx_000308,116,2024-12-04,88.06,groceries,Amazon,USD
tx_000309,123,2024-10-31,103.92,rent,Amazon,USD
tx_000310,157,2023-12-31,61.54,rent,Shell,USD
tx_000311,1,2024-04-18,4.19,investment,Starbucks,USD
tx_000312,85,2023-07-22,40.66,rent,Uber,USD
tx_000313,132,2023-10-10,116.75,groceries,LocalGym,USD
tx_000315,107,2024-03-24,18.24,transport,Shell,USD
tx_000316,28,2024-12-08,14.73,education,Amazon,USD
tx_000317,150,2024-02-22,60.92,investment,Amazon,USD
tx_000318,121,2024-03-26,62.27,health,Uber,USD
tx_000319,73,2023-06-27,61.49,rent,Spotify,USD
tx_000320,63,2023-04-26,13.71,education,LocalGym,USD
tx_000321,18,2024-10-15,13.32,investment,WholeFoods,USD
tx_000322,169,2024-08-21,4.35,utilities,Shell,USD
tx_000323,136,2024-02-24,81.46,health,LocalGym,USD
tx_000324,200,2023-10-22,6.73,health,Uber,USD
tx_000325,185,2024-06-06,9.65,entertainment,WholeFoods,USD
tx_000326,160,2024-08-22,38.92,investment,Spotify,USD
tx_000327,148,2023-02-22,165.52,utilities,Spotify,USD
tx_000328,69,2023-09-15,22.09,education,Shell,USD
tx_000329,106,2023-08-27,14.9,transport,Walmart,USD
tx_000330,130,2023-12-15,56.08,entertainment,WholeFoods,USD
tx_000331,69,2023-06-09,49.03,utilities,Uber,USD
tx_000332,92,2024-11-29,-141.07,transport,Spotify,USD
tx_000333,5,2023-04-02,148.41,investment,Spotify,USD
tx_000334,173,2023-07-10,75.58,entertainment,Shell,USD
tx_000335,2,2023-02-12,58.53,investment,Starbucks,USD
tx_000336,128,2023-07-20,18.76,utilities,Amazon,USD
tx_000337,42,2023-07-11,27.31,investment,WholeFoods,USD
tx_000338,155,2024-09-21,4.32,health,Amazon,USD
tx_000339,152,2024-12-05,25.1,health,Uber,USD
tx_000340,33,2024-04-27,72.09,entertainment,WholeFoods,USD
tx_000341,47,2024-01-11,160.13,groceries,Walmart,USD
tx_000342,10,2023-03-03,109.46,investment,Walmart,USD
tx_000343,161,2023-02-25,85.45,investment,LocalGym,USD
tx_000344,71,2024-07-06,4.19,investment,LocalGym,USD
tx_000345,79,2023-04-08,29.93,investment,Uber,USD
tx_000346,101,2024-04-21,26.3,utilities,Uber,USD
tx_000347,68,2023-06-22,7.21,health,Spotify,USD
tx_000348,4,2024-10-20,41.1,education,Amazon,USD
tx_000349,58,2023-07-25,33.07,investment,WholeFoods,USD
tx_000350,196,2023-04-17,87.29,utilities,LocalGym,USD
tx_000351,61,2023-01-28,7.32,investment,Uber,USD
tx_000352,152,2024-04-13,7.33,investment,Shell,USD
tx_000353,126,2024-03-13,63.02,rent,Starbucks,USD
tx_000354,58,2024-01-11,3.0,health,Amazon,USD
tx_000355,38,2023-01-17,64.82,education,LocalGym,USD
tx_000356,187,2024-12-17,84.71,investment,Uber,USD
tx_000357,9,2024-11-04,147.18,utilities,Amazon,USD
tx_000358,70,2023-03-16,10.54,health,Walmart,USD
tx_000359,40,2024-01-17,87.88,investment,Walmart,USD
tx_000360,118,2023-12-19,70.19,entertainment,LocalGym,USD
tx_000361,51,2023-01-04,7.4,transport,Amazon,USD
tx_000362,149,2024-08-28,14.18,utilities,Walmart,USD
tx_000363,192,2024-10-19,50.25,health,Amazon,USD
tx_000364,49,2023-11-26,80.63,entertainment,LocalGym,USD
tx_000365,65,2024-06-20,38.8,health,WholeFoods,USD
tx_000366,53,2023-09-06,20.41,utilities,WholeFoods,USD
tx_000367,27,2024-04-27,114.98,health,LocalGym,USD
tx_000368,64,2023-02-01,60.09,transport,Spotify,USD
tx_000369,47,2024-02-15,7.02,investment,Shell,USD
tx_000370,32,2023-07-03,14.59,groceries,WholeFoods,USD
tx_000371,133,2024-05-10,279.94,investment,Shell,USD
tx_000372,162,2023-10-17,149.56,transport,Uber,USD
tx_000373,87,2024-05-29,11.88,investment,Uber,USD
tx_000374,150,2023-06-24,1.95,utilities,LocalGym,USD
tx_000375,132,2024-10-24,141.37,rent,Spotify,USD
tx_000376,152,2024-05-01,152.64,investment,Amazon,USD
tx_000377,155,2023-03-08,-285.68,investment,Spotify,USD
tx_000378,2,2023-06-26,111.08,rent,Starbucks,USD
tx_000379,77,2023-08-20,8.59,utilities,Walmart,USD
tx_000380,96,2023-03-07,19.7,health,Starbucks,USD
tx_000381,179,2024-11-23,63.65,health,Spotify,USD
tx_000382,94,2024-11-13,2.13,utilities,Spotify,USD
tx_000383,117,2023-03-22,39.32,health,Spotify,USD
tx_000384,153,2024-03-04,18.97,rent,Walmart,USD
tx_000385,118,2023-08-25,97.3,entertainment,LocalGym,USD
tx_000386,84,2024-08-17,9.83,rent,Starbucks,USD
tx_000387,44,2024-06-02,90.09,rent,Spotify,USD
tx_000388,28,2024-05-15,28.51,groceries,Starbucks,USD
tx_000389,9,2023-01-02,131.83,rent,Shell,USD
tx_000390,126,2024-05-29,2.32,investment,Starbucks,USD
tx_000391,15,2024-08-05,10.33,groceries,LocalGym,USD
tx_000392,87,2023-06-14,18.52,rent,Starbucks,USD
tx_000393,65,2024-02-14,10.31,groceries,Starbucks,USD
tx_000394,193,2024-05-18,29.97,transport,Shell,USD
tx_000395,109,2024-10-05,44.89,groceries,Walmart,USD
tx_000396,190,2024-07-09,4.18,investment,Walmart,USD
tx_000397,34,2024-07-28,183.14,entertainment,Starbucks,USD
tx_000398,115,2023-01-27,2.02,health,Shell,USD
tx_000399,173,2024-11-23,13.22,rent,Uber,USD
tx_000400,143,2023-03-07,10.99,transport,Amazon,USD
tx_000402,199,2024-09-20,13.07,investment,Amazon,USD
tx_000403,6,2023-06-04,1359.61,groceries,LocalGym,USD
tx_000404,187,2024-10-28,64.72,health,Walmart,USD
tx_000405,65,2023-01-26,194.78,rent,Uber,USD
tx_000406,54,2023-11-08,5.88,investment,LocalGym,USD
tx_000407,195,2024-06-19,35.62,investment,Uber,USD
tx_000408,109,2024-08-29,3.68,education,Shell,USD
tx_000409,8,2024-10-11,18.21,transport,Shell,USD
tx_000410,140,2024-09-05,57.62,rent,Starbucks,USD
tx_000411,186,2024-01-30,34.88,transport,Uber,USD
tx_000412,109,2024-05-12,20.13,groceries,Spotify,USD
tx_000413,57,2023-07-18,186.09,transport,WholeFoods,USD
tx_000414,179,2024-10-07,11.54,entertainment,Shell,USD
tx_000415,163,2024-01-17,11.98,investment,Uber,USD
tx_000416,46,2024-11-04,231.7,utilities,Walmart,USD
tx_000417,198,2023-01-28,19.63,health,Walmart,USD
tx_000418,17,2023-04-12,1.99,utilities,LocalGym,USD
tx_000419,60,2024-12-02,28.8,health,Amazon,USD
tx_000420,200,2023-11-11,87.78,investment,Walmart,USD
tx_000421,198,2023-10-25,86.82,groceries,LocalGym,USD
tx_000422,153,2023-10-15,58.58,entertainment,Shell,USD
tx_000423,58,2024-05-02,-50.4,rent,Walmart,USD
tx_000424,118,2023-09-07,290.36,rent,Amazon,USD
tx_000425,51,2023-12-16,57.6,education,Spotify,USD
tx_000426,56,2023-03-10,12.07,utilities,Walmart,USD
tx_000427,179,2023-08-12,56.47,education,Amazon,USD
tx_000428,48,2024-11-03,36.15,education,Spotify,USD
tx_000429,24,2023-10-01,48.11,utilities,Spotify,USD
tx_000430,4,2024-05-30,63.65,education,Starbucks,USD
tx_000431,191,2024-01-27,1.04,rent,Uber,USD
tx_000432,63,2023-05-23,105.85,education,Shell,USD
tx_000433,86,2023-07-24,31.77,entertainment,WholeFoods,USD
tx_000434,11,2023-08-09,98.71,utilities,Walmart,USD
tx_000435,86,2023-02-25,54.52,utilities,Amazon,USD
tx_000436,136,2024-09-04,22.27,entertainment,WholeFoods,USD
tx_000437,13,2024-11-16,131.95,groceries,Shell,USD
tx_000438,23,2023-12-19,57.58,transport,Spotify,USD
tx_000439,20,2023-10-24,95.82,education,Starbucks,USD
tx_000440,98,2024-07-25,43.69,entertainment,Starbucks,USD
tx_000442,31,2024-04-14,54.44,education,Amazon,USD
tx_000443,134,2024-05-15,93.05,utilities,Amazon,USD
tx_000444,40,2024-08-12,142.38,rent,Uber,USD
tx_000446,77,2024-12-09,12.6,transport,Starbucks,USD
tx_000447,13,2023-05-11,57.32,utilities,Amazon,USD
tx_000448,199,2023-02-04,1126.74,entertainment,Walmart,USD
tx_000449,116,2024-05-26,39.5,entertainment,Walmart,USD
tx_000450,95,2024-07-28,35.01,education,WholeFoods,USD
tx_000451,121,2024-02-28,19.12,health,Uber,USD
tx_000452,133,2023-03-21,23.01,rent,Starbucks,USD
tx_000453,30,2024-10-03,119.72,entertainment,WholeFoods,USD
tx_000454,119,2023-11-07,64.2,transport,Amazon,USD
tx_000455,196,2023-08-01,44.63,entertainment,Shell,USD
tx_000456,90,2023-02-25,44.28,investment,LocalGym,USD
tx_000457,187,2023-12-17,66.73,education,Uber,USD
tx_000458,73,2023-08-12,103.57,investment,Amazon,USD
tx_000459,195,2024-09-25,50.21,groceries,Shell,USD
tx_000460,53,2024-10-12,372.68,groceries,WholeFoods,USD
tx_000461,32,2023-05-17,27.13,transport,Walmart,USD
tx_000462,131,2023-06-03,10.52,health,Starbucks,USD
tx_000463,181,2024-09-20,34.04,investment,Shell,USD
tx_000464,57,2024-05-22,19.37,transport,Uber,USD
tx_000465,108,2024-04-23,85.09,groceries,Amazon,USD
tx_000466,68,2024-09-26,12.48,health,Spotify,USD
tx_000467,35,2023-10-18,9.53,health,Uber,USD
tx_000468,148,2023-06-16,8.15,education,LocalGym,USD
tx_000469,178,2024-03-06,90.8,groceries,Uber,USD
tx_000470,144,2024-11-02,56.44,education,Walmart,USD
tx_000471,83,2023-11-12,15.37,groceries,Starbucks,USD
tx_000472,23,2024-11-22,71.39,investment,Spotify,USD
tx_000473,89,2023-10-29,99.35,investment,Shell,USD
tx_000474,77,2023-04-18,37.92,groceries,WholeFoods,USD
tx_000475,85,2023-05-21,77.34,investment,Walmart,USD
tx_000476,188,2023-10-20,13.17,rent,WholeFoods,USD
tx_000477,54,2023-08-31,6.45,rent,Amazon,USD
tx_000478,64,2024-07-09,20.1,entertainment,LocalGym,USD
tx_000479,190,2024-01-04,58.13,transport,Shell,USD
tx_000480,185,2024-10-19,40.44,utilities,WholeFoods,USD
tx_000481,6,2023-07-13,63.69,transport,Spotify,USD
tx_000482,179,2024-10-25,19.96,rent,Starbucks,USD
tx_000483,170,2024-09-21,23.69,utilities,Starbucks,USD
tx_000484,185,2024-04-30,43.3,entertainment,Starbucks,USD
tx_000485,165,2023-03-14,14.51,transport,Uber,USD
tx_000486,18,2024-05-30,23.08,entertainment,Walmart,USD
tx_000487,81,2023-09-05,6.81,groceries,LocalGym,USD
tx_000488,74,2024-04-11,15.8,transport,Amazon,USD
tx_000489,13,2023-08-19,29.7,health,Spotify,USD
tx_000490,157,2023-09-06,35.74,health,Amazon,USD
tx_000491,52,2024-08-11,22.42,groceries,Walmart,USD
tx_000492,25,2023-09-29,27.39,entertainment,Shell,USD
tx_000493,54,2024-06-12,609.48,education,Amazon,USD
tx_000494,70,2024-11-25,222.09,education,LocalGym,USD
tx_000495,45,2024-01-07,146.62,health,Walmart,USD
tx_000496,189,2024-02-24,4.13,health,Spotify,USD
tx_000497,6,2023-05-25,37.91,groceries,WholeFoods,USD
tx_000498,45,2023-03-05,41.09,rent,Starbucks,USD
tx_000499,38,2023-05-10,92.97,education,Amazon,USD
tx_000500,106,2024-09-02,94.22,investment,Walmart,USD
tx_000501,41,2023-03-13,78.82,rent,WholeFoods,USD
tx_000502,88,2024-08-31,17.9,entertainment,Spotify,USD
tx_000503,1,2023-07-23,25.51,investment,LocalGym,USD
tx_000504,154,2023-01-02,6.02,utilities,Starbucks,USD
tx_000505,61,2023-04-20,207.11,groceries,Uber,USD
tx_000506,119,2023-03-03,140.59,education,Starbucks,USD
tx_000507,175,2024-02-02,1.91,utilities,WholeFoods,USD
tx_000509,32,2024-05-18,23.3,education,Walmart,USD
tx_000510,138,2023-03-03,20.35,groceries,LocalGym,USD
tx_000511,116,2024-01-27,35.27,transport,Starbucks,USD
tx_000512,49,2023-06-07,27.04,transport,Starbucks,USD
tx_000513,8,2023-07-19,3.41,health,LocalGym,USD
tx_000514,191,2023-07-14,126.76,groceries,Starbucks,USD
tx_000515,31,2024-05-07,37.33,utilities,Starbucks,USD
tx_000516,13,2023-07-25,37.96,health,Uber,USD
tx_000517,105,2024-10-25,36.26,transport,Starbucks,USD
tx_000518,177,2024-10-24,6.87,transport,Amazon,USD
tx_000519,122,2024-08-04,102.27,entertainment,LocalGym,USD
tx_000520,67,2024-05-30,11.64,entertainment,Amazon,USD
tx_000521,56,2023-09-18,31.52,health,Shell,USD
tx_000522,63,2024-01-01,137.36,education,Starbucks,USD
tx_000523,144,2024-03-31,47.32,entertainment,Spotify,USD
tx_000524,70,2024-12-08,30.63,education,Starbucks,USD
tx_000525,126,2024-11-18,74.43,entertainment,Spotify,USD
tx_000526,184,2023-07-24,28.45,health,Uber,USD
tx_000527,199,2023-04-17,28.62,groceries,Walmart,USD
tx_000528,193,2024-05-27,57.91,education,Walmart,USD
tx_000529,122,2023-02-23,48.94,health,Amazon,USD
tx_000530,132,2023-09-30,37.18,entertainment,Amazon,USD
tx_000531,129,2024-07-25,320.31,rent,Starbucks,USD
tx_000532,29,2023-07-25,5.9,utilities,Uber,USD
tx_000533,6,2023-02-21,61.65,transport,WholeFoods,USD
tx_000534,94,2024-02-06,33.44,education,Uber,USD
tx_000535,12,2024-07-21,45.03,entertainment,Uber,USD
tx_000536,108,2023-01-29,34.43,investment,Shell,USD
tx_000537,58,2023-07-13,22.54,education,Spotify,USD
tx_000538,51,2023-12-08,41.7,entertainment,Shell,USD
tx_000539,121,2024-01-19,19.88,groceries,Walmart,USD
tx_000540,7,2024-03-16,16.21,entertainment,Amazon,USD
tx_000541,48,2024-04-07,45.03,entertainment,Walmart,USD
tx_000542,182,2024-01-16,16.33,groceries,Amazon,USD
tx_000543,141,2024-10-03,13.11,investment,Walmart,USD
tx_000544,145,2023-10-18,19.76,transport,LocalGym,USD
tx_000545,179,2023-03-12,2.47,rent,Walmart,USD
tx_000546,25,2024-01-13,80.63,education,Starbucks,USD
tx_000547,39,2024-02-06,3.78,investment,WholeFoods,USD
tx_000548,33,2024-08-25,126.41,transport,WholeFoods,USD
tx_000549,12,2024-07-07,12.48,groceries,Amazon,USD
tx_000550,69,2023-08-03,3.74,health,Starbucks,USD
tx_000551,99,2024-05-08,8.4,entertainment,Shell,USD
tx_000553,95,2023-12-26,31.79,rent,Spotify,USD
tx_000554,137,2023-10-28,33.98,utilities,LocalGym,USD
tx_000555,138,2023-11-19,13.63,entertainment,Uber,USD
tx_000556,90,2024-01-27,45.64,utilities,Walmart,USD
tx_000558,22,2024-03-14,5.99,education,Amazon,USD
tx_000559,105,2024-07-21,9.33,education,Uber,USD
tx_000560,16,2024-03-20,-50.59,rent,Walmart,USD
tx_000561,162,2023-03-07,58.76,education,Amazon,USD
tx_000562,137,2023-01-26,9.07,education,WholeFoods,USD
tx_000563,114,2023-08-25,45.86,investment,Shell,USD
tx_000564,126,2024-10-15,19.88,groceries,WholeFoods,USD
tx_000565,161,2024-05-29,29.15,groceries,Walmart,USD
tx_000566,179,2024-05-29,107.63,groceries,Amazon,USD
tx_000567,82,2024-03-24,79.55,entertainment,Starbucks,USD
tx_000568,9,2024-09-05,43.87,utilities,Spotify,USD
tx_000569,95,2024-12-25,42.84,health,Uber,USD
tx_000570,148,2023-03-12,58.88,health,Amazon,USD
tx_000571,196,2023-03-18,16.99,investment,Walmart,USD
tx_000572,177,2024-01-23,82.84,rent,Uber,USD
tx_000573,34,2023-09-16,2.16,entertainment,Amazon,USD
tx_000574,20,2023-10-24,163.09,groceries,Walmart,USD
tx_000575,35,2024-07-28,21.15,utilities,Starbucks,USD
tx_000576,134,2023-09-03,38.34,groceries,Walmart,USD
tx_000577,123,2023-05-31,6.65,investment,Uber,USD
tx_000578,14,2024-11-03,90.47,transport,WholeFoods,USD
tx_000579,87,2024-03-27,9.67,investment,Walmart,USD
tx_000580,191,2024-05-03,66.53,groceries,Amazon,USD
tx_000581,52,2023-12-19,42.4,groceries,Shell,USD
tx_000582,178,2024-02-09,3.5,health,Starbucks,USD
tx_000583,191,2024-11-16,55.03,transport,Uber,USD
tx_000584,200,2024-08-20,83.14,entertainment,Starbucks,USD
tx_000585,77,2024-03-15,142.91,entertainment,LocalGym,USD
tx_000586,158,2024-10-07,19.69,rent,Spotify,USD
tx_000587,180,2023-12-31,26.68,health,Walmart,USD
tx_000588,89,2023-11-05,8.44,utilities,Uber,USD
tx_000589,181,2024-06-12,2.72,utilities,Uber,USD
tx_000590,19,2023-05-20,3.24,entertainment,Shell,USD
tx_000591,96,2023-06-14,2.0,entertainment,Spotify,USD
tx_000592,15,2023-12-28,32.29,entertainment,WholeFoods,USD
tx_000593,135,2023-08-11,85.61,education,Uber,USD
tx_000594,139,2023-10-29,35.72,rent,Amazon,USD
tx_000595,17,2024-12-19,59.98,transport,Walmart,USD
tx_000596,173,2023-11-11,18.09,transport,Shell,USD
tx_000597,19,2024-12-14,7.48,entertainment,Walmart,USD
tx_000598,164,2023-12-19,104.58,transport,Amazon,USD
tx_000599,131,2023-11-24,71.43,utilities,Walmart,USD
tx_000600,113,2024-06-12,4.34,utilities,Starbucks,USD
tx_000601,181,2023-10-29,26.82,health,Walmart,USD
tx_000602,15,2024-11-24,33.2,investment,Spotify,USD
tx_000604,188,2023-05-28,138.35,rent,WholeFoods,USD
tx_000605,106,2024-07-06,57.28,investment,Walmart,USD
tx_000606,120,2023-11-08,168.38,transport,Spotify,USD
tx_000607,74,2024-03-10,49.94,health,Spotify,USD
tx_000608,162,2024-03-29,42.62,rent,Starbucks,USD
tx_000609,127,2024-05-29,31.77,investment,WholeFoods,USD
tx_000610,29,2023-10-21,70.49,education,Walmart,USD
tx_000611,131,2023-10-29,13.08,transport,LocalGym,USD
tx_000612,189,2024-09-17,44.88,investment,Starbucks,USD
tx_000613,155,2023-08-31,30.15,groceries,LocalGym,USD
tx_000614,127,2023-03-15,97.57,transport,Spotify,USD
tx_000615,2,2024-01-10,66.31,utilities,Amazon,USD
tx_000616,69,2023-04-20,15.11,transport,Amazon,USD
tx_000617,30,2023-03-24,25.04,utilities,Spotify,USD
tx_000618,179,2024-02-13,35.56,utilities,Uber,USD
tx_000619,188,2023-11-05,94.24,groceries,Starbucks,USD
tx_000620,191,2024-02-04,106.48,groceries,Walmart,USD
tx_000621,68,2023-09-23,13.47,investment,Shell,USD
tx_000622,94,2024-04-08,42.76,entertainment,WholeFoods,USD
tx_000623,89,2024-05-26,19.2,investment,Amazon,USD
tx_000624,109,2024-08-06,9.99,groceries,Starbucks,USD
tx_000625,93,2023-01-28,73.01,utilities,Walmart,USD
tx_000626,54,2024-04-26,40.69,health,Spotify,USD
tx_000627,2,2023-03-23,109.28,groceries,Spotify,USD
tx_000628,27,2024-01-11,116.74,entertainment,WholeFoods,USD
tx_000629,43,2024-09-15,65.98,transport,Walmart,USD
tx_000630,145,2023-11-01,94.6,groceries,Shell,USD
tx_000631,55,2023-05-24,38.18,entertainment,Uber,USD
tx_000632,127,2024-06-24,4.51,transport,Shell,USD
tx_000633,17,2023-07-30,128.3,transport,Spotify,USD
tx_000634,27,2023-08-24,47.93,transport,WholeFoods,USD
tx_000635,99,2023-10-16,144.74,health,Uber,USD
tx_000636,141,2023-12-10,53.28,investment,LocalGym,USD
tx_000637,188,2024-09-10,78.97,entertainment,WholeFoods,USD
tx_000638,57,2023-05-22,18.95,transport,Walmart,USD
tx_000639,85,2024-09-06,16.59,groceries,LocalGym,USD
tx_000640,97,2023-01-13,105.41,transport,WholeFoods,USD
tx_000641,151,2023-05-09,15.82,education,Walmart,USD
tx_000642,57,2023-06-21,152.07,transport,WholeFoods,USD
tx_000643,94,2023-03-02,148.06,investment,Walmart,USD
tx_000644,182,2023-07-20,48.45,entertainment,Starbucks,USD
tx_000645,136,2023-05-02,8.03,investment,Amazon,USD
tx_000646,74,2024-01-20,8.65,rent,Shell,USD
tx_000647,100,2023-03-31,50.31,transport,Uber,USD
tx_000648,161,2023-12-17,75.45,education,Amazon,USD
tx_000649,143,2023-09-27,6.29,investment,LocalGym,USD
tx_000650,26,2023-11-30,7.76,entertainment,Starbucks,USD
tx_000651,124,2023-01-05,5.03,education,Spotify,USD
tx_000652,29,2023-04-09,167.62,groceries,Uber,USD
tx_000653,169,2024-05-15,135.09,groceries,Uber,USD
tx_000654,169,2023-03-15,95.17,utilities,Starbucks,USD
tx_000655,155,2023-11-06,41.54,health,Spotify,USD
tx_000656,157,2024-01-11,26.29,health,Uber,USD
tx_000657,199,2023-11-04,32.83,groceries,Walmart,USD
tx_000658,38,2023-03-05,13.07,transport,Uber,USD
tx_000659,19,2023-12-15,98.0,utilities,Spotify,USD
tx_000660,175,2023-10-31,15.09,education,Starbucks,USD
tx_000661,24,2024-12-22,88.86,groceries,Walmart,USD
tx_000662,23,2023-12-25,116.85,utilities,Walmart,USD
tx_000663,37,2023-01-18,55.62,education,WholeFoods,USD
tx_000664,136,2024-11-13,35.89,education,LocalGym,USD
tx_000665,17,2023-10-19,11.22,utilities,Spotify,USD
tx_000666,87,2023-08-12,42.82,education,Spotify,USD
tx_000667,118,2024-07-15,7.68,transport,LocalGym,USD
tx_000668,78,2024-05-19,2.13,rent,Shell,USD
tx_000669,190,2023-11-18,23.47,rent,Uber,USD
tx_000670,160,2023-07-17,45.22,groceries,Uber,USD
tx_000671,2,2023-10-14,40.09,groceries,Starbucks,USD
tx_000672,65,2024-04-11,24.74,rent,Spotify,USD
tx_000673,193,2023-02-15,25.47,investment,Spotify,USD
tx_000674,115,2024-10-21,16.15,health,Amazon,USD
tx_000675,72,2023-11-30,24.91,rent,Spotify,USD
tx_000676,16,2024-07-07,16.74,transport,Amazon,USD
tx_000677,181,2023-03-31,90.79,education,WholeFoods,USD
tx_000678,43,2023-02-22,7.71,groceries,Starbucks,USD
tx_000679,187,2023-01-28,122.04,education,Amazon,USD
tx_000680,67,2023-07-02,23.08,education,Shell,USD
tx_000681,30,2024-06-09,26.23,education,Starbucks,USD
tx_000682,24,2023-06-10,420.83,health,Amazon,USD
tx_000683,131,2023-07-16,140.42,health,Uber,USD
tx_000684,18,2023-11-26,22.97,investment,Walmart,USD
tx_000685,47,2024-01-25,54.52,groceries,LocalGym,USD
tx_000686,157,2023-04-03,79.69,utilities,Uber,USD
tx_000687,12,2024-12-08,58.45,education,Uber,USD
tx_000688,81,2024-08-28,144.96,investment,Shell,USD
tx_000690,107,2023-09-18,24.99,transport,Walmart,USD
tx_000691,112,2023-04-14,12.6,health,Walmart,USD
tx_000692,199,2024-08-04,16.24,utilities,Walmart,USD
tx_000693,90,2023-06-12,280.74,education,Spotify,USD
tx_000694,35,2023-06-03,79.89,investment,Spotify,USD
tx_000695,33,2024-05-22,2.96,education,Walmart,USD
tx_000696,38,2024-02-03,142.14,health,WholeFoods,USD
tx_000697,25,2024-03-02,18.12,education,Amazon,USD
tx_000698,85,2024-02-05,4.83,utilities,LocalGym,USD
tx_000699,61,2023-12-12,69.33,rent,WholeFoods,USD
tx_000700,139,2023-08-27,28.77,investment,Uber,USD
tx_000701,61,2023-07-16,17.27,transport,Spotify,USD
tx_000702,153,2023-12-25,16.12,rent,Spotify,USD
tx_000703,126,2024-09-26,112.91,entertainment,Shell,USD
tx_000704,75,2023-04-19,8.68,utilities,Spotify,USD
tx_000705,114,2023-01-15,24.2,rent,Uber,USD
tx_000706,71,2024-04-18,10.15,investment,WholeFoods,USD
tx_000707,4,2023-02-10,73.79,entertainment,WholeFoods,USD
tx_000708,121,2023-01-26,13.36,investment,LocalGym,USD
tx_000709,146,2024-10-05,15.41,health,Uber,USD
tx_000710,197,2023-01-31,28.31,investment,Shell,USD
tx_000711,165,2024-08-03,165.18,education,LocalGym,USD
tx_000712,88,2024-07-22,8.95,education,Walmart,USD
tx_000713,2,2024-09-18,14.29,groceries,LocalGym,USD
tx_000714,173,2024-07-02,3.31,rent,LocalGym,USD
tx_000715,103,2023-01-25,15.31,groceries,Uber,USD
tx_000716,5,2023-10-11,103.62,rent,WholeFoods,USD
tx_000717,38,2023-08-25,26.02,rent,WholeFoods,USD
tx_000718,92,2024-03-24,32.26,health,Spotify,USD
tx_000719,19,2023-01-11,53.7,entertainment,Uber,USD
tx_000720,166,2024-05-19,11.41,entertainment,Walmart,USD
tx_000721,17,2024-08-08,52.86,utilities,LocalGym,USD
tx_000722,96,2023-03-09,83.2,transport,LocalGym,USD
tx_000723,18,2023-06-16,15.85,groceries,Walmart,USD
tx_000724,58,2024-03-17,2.02,utilities,Uber,USD
tx_000725,49,2024-08-02,17.41,entertainment,Amazon,USD
tx_000726,180,2024-12-05,22.81,investment,Starbucks,USD
tx_000727,106,2023-01-26,173.46,rent,Shell,USD
tx_000728,102,2023-05-31,77.15,health,Spotify,USD
tx_000729,164,2024-09-05,16.33,entertainment,Amazon,USD
tx_000730,42,2023-12-24,52.59,investment,Uber,USD
tx_000731,179,2023-01-02,78.85,health,Starbucks,USD
tx_000732,111,2024-10-08,28.39,transport,Uber,USD
tx_000734,190,2023-08-21,12.05,entertainment,Starbucks,USD
tx_000735,18,2024-09-07,15.85,health,WholeFoods,USD
tx_000736,18,2024-01-20,25.89,groceries,Starbucks,USD
tx_000737,170,2024-08-08,41.82,utilities,Uber,USD
tx_000738,119,2024-01-01,93.33,health,Spotify,USD
tx_000739,126,2024-11-03,4.17,entertainment,Spotify,USD
tx_000740,19,2023-05-08,57.89,health,Starbucks,USD
tx_000741,12,2024-03-02,15.66,utilities,Uber,USD
tx_000742,136,2023-04-02,4.64,health,Shell,USD
tx_000743,89,2024-11-18,1.21,groceries,WholeFoods,USD
tx_000744,36,2024-01-10,47.01,utilities,Shell,USD
tx_000745,111,2023-03-13,43.4,health,Amazon,USD
tx_000746,20,2023-09-18,86.37,education,Uber,USD
tx_000747,177,2023-09-24,42.85,transport,LocalGym,USD
tx_000748,69,2024-04-20,12.27,transport,Uber,USD
tx_000749,56,2023-10-23,1.16,transport,WholeFoods,USD
tx_000750,42,2023-09-30,17.07,entertainment,Spotify,USD
tx_000751,60,2023-11-16,10.11,transport,WholeFoods,USD
tx_000752,200,2024-11-23,203.17,rent,Walmart,USD
tx_000753,11,2024-05-28,98.29,transport,WholeFoods,USD
tx_000754,95,2024-03-19,45.3,groceries,Spotify,USD
tx_000755,97,2024-07-30,138.0,utilities,LocalGym,USD
tx_000756,61,2024-09-26,18.22,utilities,Walmart,USD
tx_000757,149,2023-07-19,19.31,rent,Walmart,USD
tx_000758,144,2023-08-15,36.34,health,LocalGym,USD
tx_000759,188,2024-03-06,1.56,utilities,Shell,USD
tx_000760,55,2023-07-08,93.22,entertainment,LocalGym,USD
tx_000761,14,2024-08-04,87.87,transport,Shell,USD
tx_000762,106,2023-08-27,20.39,transport,Uber,USD
tx_000763,142,2024-04-12,91.46,entertainment,Starbucks,USD
tx_000764,123,2023-06-10,12.59,health,Uber,USD
tx_000765,108,2023-12-25,13.57,investment,Walmart,USD
tx_000766,178,2024-12-06,15.91,groceries,Amazon,USD
tx_000767,25,2023-09-21,241.02,transport,LocalGym,USD
tx_000768,189,2024-07-02,6.71,entertainment,Spotify,USD
tx_000769,99,2024-04-14,52.68,entertainment,Amazon,USD
tx_000770,150,2023-05-25,32.12,rent,Uber,USD
tx_000771,163,2024-08-13,21.76,health,Spotify,USD
tx_000772,124,2023-02-04,12.1,rent,LocalGym,USD
tx_000773,34,2024-12-06,20.29,utilities,Amazon,USD
tx_000774,98,2024-02-18,85.96,rent,Amazon,USD
tx_000775,18,2024-10-22,58.74,education,Spotify,USD
tx_000776,12,2023-03-31,111.26,rent,Shell,USD
tx_000777,40,2024-10-03,6.54,utilities,Amazon,USD
tx_000778,158,2023-02-28,35.79,education,Walmart,USD
tx_000779,90,2023-12-13,10.34,education,Walmart,USD
tx_000780,12,2024-04-25,24.1,groceries,Uber,USD
tx_000781,32,2024-03-12,29.33,entertainment,Uber,USD
tx_000782,145,2023-12-15,6.31,rent,Shell,USD
tx_000783,97,2024-03-21,219.84,education,Shell,USD
tx_000784,7,2024-05-11,45.84,utilities,Shell,USD
tx_000785,45,2024-05-10,15.57,investment,LocalGym,USD
tx_000786,66,2024-08-10,17.07,transport,Spotify,USD
tx_000787,159,2023-09-03,49.43,health,Walmart,USD
tx_000788,140,2024-09-15,72.93,utilities,Spotify,USD
tx_000789,154,2023-09-08,8.99,utilities,Uber,USD
tx_000790,35,2024-10-10,13.49,investment,Starbucks,USD
tx_000791,148,2023-12-11,138.19,transport,Walmart,USD
tx_000792,148,2024-06-13,184.34,entertainment,Walmart,USD
tx_000793,91,2023-06-08,13.58,investment,Spotify,USD
tx_000794,35,2023-04-05,94.79,entertainment,Starbucks,USD
tx_000795,180,2023-06-27,39.48,entertainment,Uber,USD
tx_000796,141,2024-05-11,63.84,education,Starbucks,USD
tx_000797,193,2024-12-06,-66.34,education,Walmart,USD
tx_000798,32,2023-08-16,1.67,rent,Walmart,USD
tx_000800,23,2023-09-25,38.22,entertainment,WholeFoods,USD
tx_000801,66,2023-11-10,38.56,utilities,Starbucks,USD
tx_000802,124,2024-03-13,48.82,education,Walmart,USD
tx_000803,192,2024-05-20,23.67,rent,Amazon,USD
tx_000804,21,2024-01-22,115.89,utilities,LocalGym,USD
tx_000805,128,2024-04-10,31.62,investment,WholeFoods,USD
tx_000806,138,2024-10-29,47.08,groceries,Spotify,USD
tx_000807,106,2024-05-13,40.9,transport,Starbucks,USD
tx_000808,29,2023-12-05,70.87,rent,Spotify,USD
tx_000809,27,2024-02-08,22.65,education,Spotify,USD
tx_000810,16,2023-04-22,10.0,transport,Shell,USD
tx_000811,81,2023-09-08,86.36,utilities,Shell,USD
tx_000812,24,2024-09-15,92.26,groceries,LocalGym,USD
tx_000813,111,2024-05-26,1.44,investment,Uber,USD
tx_000814,70,2024-10-05,10.12,health,Walmart,USD
tx_000815,184,2024-12-26,3.82,rent,Uber,USD
tx_000816,12,2024-04-30,84.1,transport,Amazon,USD
tx_000817,55,2024-12-26,13.22,entertainment,LocalGym,USD
tx_000818,14,2024-09-05,-3.11,transport,Spotify,USD
tx_000819,193,2023-12-24,2.83,transport,Shell,USD
tx_000820,39,2024-09-15,48.89,education,Spotify,USD
tx_000821,10,2023-06-21,123.29,entertainment,Amazon,USD
tx_000822,15,2024-09-16,36.87,investment,Shell,USD
tx_000823,149,2023-01-16,44.14,entertainment,Walmart,USD
tx_000824,24,2023-06-12,74.54,groceries,WholeFoods,USD
tx_000825,24,2023-01-17,22.83,investment,Uber,USD
tx_000826,6,2023-05-29,22.38,utilities,Starbucks,USD
tx_000827,151,2023-09-24,59.7,entertainment,Amazon,USD
tx_000828,99,2024-11-25,35.54,health,LocalGym,USD
tx_000829,180,2023-08-24,36.71,entertainment,Amazon,USD
tx_000830,98,2023-09-21,7.74,utilities,LocalGym,USD
tx_000831,109,2023-04-29,40.1,investment,Shell,USD
tx_000832,159,2023-12-16,10.08,investment,Spotify,USD
tx_000833,177,2024-08-07,91.45,transport,LocalGym,USD
tx_000834,23,2023-11-13,85.11,rent,Amazon,USD
tx_000835,186,2024-07-01,63.77,transport,LocalGym,USD
tx_000836,72,2024-10-17,156.76,health,Walmart,USD
tx_000837,21,2024-02-29,8.47,education,Amazon,USD
tx_000838,177,2024-01-30,63.38,transport,Shell,USD
tx_000839,47,2023-07-09,3.11,rent,LocalGym,USD
tx_000840,94,2023-01-12,126.48,groceries,Walmart,USD
tx_000841,60,2023-03-05,40.49,transport,Spotify,USD
tx_000842,156,2023-02-09,42.21,investment,WholeFoods,USD
tx_000843,38,2023-01-21,39.65,transport,Walmart,USD
tx_000844,23,2023-05-07,44.05,utilities,Walmart,USD
tx_000846,142,2024-01-28,83.95,utilities,Starbucks,USD
tx_000847,167,2024-07-25,56.36,rent,Spotify,USD
tx_000848,181,2024-09-27,4.68,rent,Spotify,USD
tx_000849,43,2024-01-15,58.49,health,LocalGym,USD
tx_000850,125,2023-06-25,48.06,utilities,Uber,USD
tx_000851,33,2024-01-02,4.27,transport,Spotify,USD
tx_000852,76,2024-08-01,143.28,utilities,Spotify,USD
tx_000853,117,2024-05-04,53.08,rent,Shell,USD
tx_000854,21,2023-12-04,51.83,investment,Amazon,USD
tx_000855,177,2023-11-21,47.37,rent,Starbucks,USD
tx_000856,98,2024-12-01,142.2,health,Uber,USD
tx_000857,71,2024-09-22,32.93,rent,Uber,USD
tx_000858,196,2023-12-15,80.97,rent,LocalGym,USD
tx_000859,157,2023-06-23,20.03,health,Shell,USD
tx_000860,48,2024-03-12,81.9,groceries,Amazon,USD
tx_000861,90,2024-11-30,97.73,education,LocalGym,USD
tx_000862,56,2024-03-18,180.94,entertainment,LocalGym,USD
tx_000863,58,2023-05-05,4.18,health,Walmart,USD
tx_000864,181,2024-05-22,44.35,entertainment,WholeFoods,USD
tx_000865,142,2023-02-27,5.81,investment,Amazon,USD
tx_000866,70,2024-06-08,82.67,entertainment,Starbucks,USD
tx_000867,133,2023-01-20,42.7,groceries,WholeFoods,USD
tx_000868,73,2024-01-18,371.95,health,WholeFoods,USD
tx_000869,200,2023-10-30,144.55,groceries,Starbucks,USD
tx_000870,40,2024-07-24,61.38,entertainment,LocalGym,USD
tx_000871,78,2023-04-21,218.5,utilities,Shell,USD
tx_000872,70,2024-11-06,26.27,health,LocalGym,USD
tx_000873,22,2024-12-19,23.67,rent,Starbucks,USD
tx_000874,187,2024-10-17,291.87,transport,Walmart,USD
tx_000875,77,2023-12-14,32.48,rent,Amazon,USD
tx_000876,190,2023-10-29,35.52,rent,Shell,USD
tx_000877,19,2024-09-28,102.16,utilities,Walmart,USD
tx_000878,63,2023-08-29,26.63,utilities,Spotify,USD
tx_000879,21,2023-10-23,40.89,investment,WholeFoods,USD
tx_000880,124,2023-12-15,37.83,transport,Walmart,USD
tx_000881,69,2024-07-15,6.77,education,WholeFoods,USD
tx_000882,27,2023-06-03,28.12,transport,Starbucks,USD
tx_000883,152,2024-04-30,8.12,health,Walmart,USD
tx_000884,169,2024-01-29,42.91,groceries,WholeFoods,USD
tx_000885,128,2023-06-12,31.47,rent,LocalGym,USD
tx_000886,10,2023-12-25,8.05,utilities,Shell,USD
tx_000887,112,2024-07-31,10.3,rent,LocalGym,USD
tx_000888,114,2023-11-23,79.25,utilities,Uber,USD
tx_000889,199,2023-04-24,83.73,transport,Starbucks,USD
tx_000890,79,2023-03-09,13.79,entertainment,Uber,USD
tx_000891,25,2024-07-16,12.75,transport,Spotify,USD
tx_000892,177,2023-03-02,67.43,rent,Shell,USD
tx_000893,73,2023-09-19,1.23,investment,Spotify,USD
tx_000894,196,2023-11-15,3.15,education,Amazon,USD
tx_000895,183,2023-11-20,31.39,groceries,WholeFoods,USD
tx_000896,176,2024-05-21,48.6,rent,LocalGym,USD
tx_000897,130,2023-12-29,66.24000000000001,utilities,Uber,USD
tx_000898,82,2024-08-23,166.99,education,Spotify,USD
tx_000899,7,2023-03-29,70.3,education,LocalGym,USD
tx_000900,135,2024-01-23,13.97,investment,Amazon,USD
tx_000901,17,2023-07-17,52.36,investment,LocalGym,USD
tx_000902,80,2024-09-04,35.15,investment,WholeFoods,USD
tx_000903,49,2024-07-13,50.38,transport,WholeFoods,USD
tx_000904,35,2023-09-05,74.82,groceries,Amazon,USD
tx_000905,75,2023-03-26,14.63,investment,Starbucks,USD
tx_000906,171,2023-04-01,47.04,utilities,Uber,USD
tx_000907,146,2024-03-17,30.26,entertainment,LocalGym,USD
tx_000908,200,2023-07-01,23.09,entertainment,Amazon,USD
tx_000909,87,2024-10-13,40.75,education,LocalGym,USD
tx_000910,3,2023-05-20,30.89,health,WholeFoods,USD
tx_000911,136,2024-11-02,17.0,transport,Uber,USD
tx_000912,100,2024-03-07,15.42,education,Amazon,USD
tx_000913,20,2024-08-31,13.75,groceries,Spotify,USD
tx_000914,51,2024-06-02,91.08,health,Starbucks,USD
tx_000915,21,2024-09-16,2.88,rent,Uber,USD
tx_000916,16,2024-07-27,69.35,health,Amazon,USD
tx_000917,85,2024-12-05,19.08,rent,Starbucks,USD
tx_000918,8,2023-09-11,34.95,transport,Shell,USD
tx_000919,29,2023-04-05,99.05,entertainment,Walmart,USD
tx_000920,12,2023-03-04,39.7,rent,Starbucks,USD
tx_000921,95,2024-12-02,1.15,investment,Shell,USD
tx_000922,114,2024-12-09,57.97,entertainment,Starbucks,USD
tx_000923,28,2024-04-07,176.33,groceries,Starbucks,USD
tx_000924,177,2024-09-16,64.16,groceries,Amazon,USD
tx_000925,5,2023-09-28,21.93,entertainment,Uber,USD
tx_000926,98,2023-12-05,2.27,health,Shell,USD
tx_000927,191,2023-03-28,189.91,investment,Shell,USD
tx_000928,78,2023-10-19,45.18,health,Shell,USD
tx_000929,114,2023-04-29,60.7,education,Spotify,USD
tx_000930,36,2023-01-16,46.08,utilities,Shell,USD
tx_000931,8,2023-01-24,92.28,entertainment,Starbucks,USD
tx_000932,47,2024-08-06,25.53,rent,Shell,USD
tx_000933,67,2024-08-20,31.4,investment,WholeFoods,USD
tx_000934,177,2024-03-17,1.18,investment,Starbucks,USD
tx_000935,105,2024-05-28,32.84,transport,WholeFoods,USD
tx_000936,93,2023-02-18,33.84,investment,Amazon,USD
tx_000937,115,2024-08-06,35.74,groceries,Starbucks,USD
tx_000938,91,2024-12-03,26.78,entertainment,WholeFoods,USD
tx_000939,112,2023-12-09,112.08,entertainment,Amazon,USD
tx_000940,6,2023-09-21,10.16,health,Walmart,USD
tx_000941,66,2024-12-31,41.06,investment,Amazon,USD
tx_000942,145,2023-02-09,7.06,utilities,Amazon,USD
tx_000943,25,2023-07-29,49.52,education,Uber,USD
tx_000945,170,2024-12-30,6.91,transport,Shell,USD
tx_000946,19,2024-10-22,79.99,groceries,LocalGym,USD
tx_000947,132,2024-11-30,12.46,health,Uber,USD
tx_000948,11,2023-07-30,73.76,investment,Uber,USD
tx_000949,200,2023-07-23,21.51,education,WholeFoods,USD
tx_000951,31,2024-10-04,44.79,entertainment,Spotify,USD
tx_000952,196,2024-07-24,110.84,utilities,Shell,USD
tx_000953,28,2024-12-03,11.0,health,Starbucks,USD
tx_000954,178,2023-11-20,87.17,health,Walmart,USD
tx_000955,39,2023-01-14,103.31,entertainment,Spotify,USD
tx_000956,71,2024-03-12,12.91,investment,Amazon,USD
tx_000957,86,2023-03-01,28.8,investment,Shell,USD
tx_000958,48,2023-10-08,29.27,groceries,LocalGym,USD
tx_000959,143,2024-11-11,43.56,entertainment,Walmart,USD
tx_000960,196,2023-01-29,263.5,transport,Amazon,USD
tx_000961,195,2023-08-06,8.46,investment,Shell,USD
tx_000962,179,2023-12-28,5.33,education,Walmart,USD
tx_000963,141,2023-08-21,118.43,utilities,WholeFoods,USD
tx_000964,106,2024-02-25,50.83,education,Starbucks,USD
tx_000965,57,2024-07-02,10.19,utilities,Walmart,USD
tx_000966,47,2023-10-17,23.53,rent,Starbucks,USD
tx_000967,77,2024-12-04,67.01,utilities,WholeFoods,USD
tx_000968,4,2023-02-21,66.15,utilities,WholeFoods,USD
tx_000969,99,2023-11-17,11.59,transport,Spotify,USD
tx_000970,99,2023-08-05,56.95,transport,Walmart,USD
tx_000971,22,2023-01-05,223.38,transport,Uber,USD
tx_000972,41,2024-12-19,10.65,health,Shell,USD
tx_000973,149,2023-06-12,36.88,investment,Spotify,USD
tx_000974,168,2024-04-17,4.29,health,Walmart,USD
tx_000975,9,2023-12-06,29.7,education,WholeFoods,USD
tx_000976,71,2023-08-07,75.81,investment,LocalGym,USD
tx_000977,68,2023-08-25,25.88,health,WholeFoods,USD
tx_000978,192,2023-12-14,37.5,health,LocalGym,USD
tx_000979,38,2023-05-22,30.54,entertainment,LocalGym,USD
tx_000980,22,2024-08-18,1.74,education,Spotify,USD
tx_000981,67,2024-11-30,56.14,transport,Uber,USD
tx_000982,74,2024-12-30,3.54,investment,Uber,USD
tx_000983,166,2023-10-02,120.71,entertainment,Shell,USD
tx_000984,43,2024-06-26,15.23,groceries,Shell,USD
tx_000985,121,2024-11-23,49.7,entertainment,LocalGym,USD
tx_000986,126,2023-07-26,133.05,education,LocalGym,USD
tx_000987,161,2024-11-14,38.66,utilities,Walmart,USD
tx_000988,151,2023-06-16,10.49,groceries,LocalGym,USD
tx_000989,163,2024-10-26,191.03,utilities,LocalGym,USD
tx_000990,186,2024-06-07,253.97,groceries,Starbucks,USD
tx_000991,120,2023-06-29,116.95,entertainment,Walmart,USD
tx_000992,76,2023-09-22,33.32,investment,Starbucks,USD
tx_000993,195,2023-04-20,131.03,utilities,Walmart,USD
tx_000994,131,2023-08-27,75.52,utilities,WholeFoods,USD
tx_000995,10,2023-11-08,116.3,health,Shell,USD
tx_000996,197,2024-11-30,2.27,utilities,Walmart,USD
tx_000997,85,2024-07-14,65.42,entertainment,Spotify,USD
tx_000998,80,2024-07-19,21.32,education,Amazon,USD
tx_000999,178,2023-09-17,28.22,education,Walmart,USD
tx_001000,29,2023-05-14,6.57,health,Uber,USD
tx_001001,112,2024-02-05,19.25,health,Amazon,USD
tx_001002,30,2023-09-23,176.92,investment,LocalGym,USD
tx_001003,72,2023-12-21,23.76,health,Spotify,USD
tx_001004,79,2023-01-23,252.51,transport,Starbucks,USD
tx_001005,187,2023-04-25,8.23,transport,Walmart,USD
tx_001006,166,2024-07-17,200.25,utilities,Uber,USD
tx_001007,80,2023-01-26,1.83,utilities,Starbucks,USD
tx_001008,100,2023-06-15,138.25,education,Uber,USD
tx_001009,144,2023-06-29,15.96,health,Amazon,USD
tx_001010,97,2024-06-09,22.07,utilities,Spotify,USD
tx_001011,41,2024-06-09,6.09,groceries,Starbucks,USD
tx_001012,22,2023-07-12,43.43,entertainment,Starbucks,USD
tx_001013,171,2024-09-15,221.6,investment,Amazon,USD
tx_001014,148,2023-02-07,35.7,utilities,Walmart,USD
tx_001015,109,2024-12-23,47.82,health,Shell,USD
tx_001016,52,2023-06-17,55.4,health,Starbucks,USD
tx_001017,73,2023-11-24,84.01,health,WholeFoods,USD
tx_001018,114,2024-08-23,30.58,rent,Amazon,USD
tx_001019,31,2024-01-03,6.61,education,WholeFoods,USD
tx_001020,80,2024-02-22,8.34,investment,LocalGym,USD
tx_001021,128,2024-05-23,18.25,health,Walmart,USD
tx_001022,132,2023-06-11,66.25,groceries,LocalGym,USD
tx_001023,107,2023-04-11,610.1,education,WholeFoods,USD
tx_001024,62,2024-01-11,89.8,education,Amazon,USD
tx_001025,122,2024-01-13,18.44,utilities,WholeFoods,USD
tx_001026,4,2024-04-10,88.27,investment,Spotify,USD
tx_001027,24,2023-11-11,20.78,groceries,LocalGym,USD
tx_001028,32,2023-08-02,38.1,health,Uber,USD
tx_001029,138,2023-11-30,134.0,transport,Uber,USD
tx_001030,64,2023-03-25,22.07,groceries,Uber,USD
tx_001031,66,2024-01-15,81.99,investment,Walmart,USD
tx_001032,47,2024-03-12,5.17,utilities,Shell,USD
tx_001033,36,2023-07-28,53.6,education,Walmart,USD
tx_001034,80,2023-10-09,2.85,rent,LocalGym,USD
tx_001035,116,2024-12-12,141.76,entertainment,Amazon,USD
tx_001036,191,2023-12-26,72.29,utilities,LocalGym,USD
tx_001037,129,2024-09-07,18.7,health,Walmart,USD
tx_001038,177,2023-09-21,5.48,groceries,Spotify,USD
tx_001039,80,2024-02-19,23.43,education,Uber,USD
tx_001040,49,2024-10-23,128.34,rent,Starbucks,USD
tx_001041,141,2024-12-14,17.9,groceries,LocalGym,USD
tx_001042,74,2023-07-14,16.16,utilities,WholeFoods,USD
tx_001043,136,2023-10-13,63.59,transport,Uber,USD
tx_001044,158,2024-11-06,58.56,entertainment,Shell,USD
tx_001045,19,2023-07-11,19.18,entertainment,Spotify,USD
tx_001047,92,2024-04-27,17.27,education,LocalGym,USD
tx_001048,92,2023-11-30,48.18,groceries,Shell,USD
tx_001049,68,2024-10-07,6.43,utilities,LocalGym,USD
tx_001050,109,2023-05-30,84.4,transport,WholeFoods,USD
tx_001051,191,2024-10-20,69.16,investment,Spotify,USD
tx_001052,121,2024-04-03,54.25,health,LocalGym,USD
tx_001053,60,2024-05-27,24.1,education,LocalGym,USD
tx_001054,17,2023-04-18,55.62,investment,LocalGym,USD
tx_001055,105,2023-03-25,60.66,entertainment,Starbucks,USD
tx_001056,84,2024-09-30,148.51,investment,Spotify,USD
tx_001057,175,2024-09-02,46.69,groceries,WholeFoods,USD
tx_001058,26,2023-01-28,52.33,transport,Amazon,USD
tx_001059,54,2024-02-27,26.42,investment,Walmart,USD
tx_001060,97,2024-12-27,152.85,groceries,WholeFoods,USD
tx_001061,76,2023-07-24,245.41,health,Walmart,USD
tx_001062,58,2024-12-12,61.81,utilities,Walmart,USD
tx_001063,128,2023-03-30,14.48,health,Walmart,USD
tx_001064,151,2023-10-03,25.91,investment,WholeFoods,USD
tx_001065,1,2024-01-25,123.74,entertainment,Walmart,USD
tx_001066,126,2023-09-11,23.93,utilities,Uber,USD
tx_001067,200,2023-11-15,105.56,groceries,Amazon,USD
tx_001068,120,2024-06-09,44.27,transport,Uber,USD
tx_001069,64,2024-02-12,-14.12,health,Amazon,USD
tx_001070,188,2024-01-24,46.69,rent,WholeFoods,USD
tx_001071,75,2023-02-26,28.94,entertainment,WholeFoods,USD
tx_001072,91,2023-08-17,76.92,investment,Starbucks,USD
tx_001073,8,2023-02-01,120.76,utilities,Walmart,USD
tx_001074,143,2023-01-01,4.9,health,Amazon,USD
tx_001075,74,2024-08-19,42.35,education,WholeFoods,USD
tx_001076,34,2024-04-30,50.87,rent,Uber,USD
tx_001077,166,2023-01-29,-23.35,investment,Starbucks,USD
tx_001078,198,2023-11-25,88.25,utilities,Amazon,USD
tx_001079,96,2024-09-24,171.11,education,Amazon,USD
tx_001080,19,2024-08-01,114.92,entertainment,Walmart,USD
tx_001081,177,2023-09-21,54.64,groceries,Uber,USD
tx_001082,89,2023-10-28,21.11,rent,Shell,USD
tx_001083,24,2024-09-08,26.51,transport,WholeFoods,USD
tx_001084,54,2023-05-10,33.81,entertainment,WholeFoods,USD
tx_001085,41,2024-06-03,37.34,groceries,Starbucks,USD
tx_001086,12,2024-10-14,12.24,entertainment,Spotify,USD
tx_001087,24,2023-01-24,1.94,education,Walmart,USD
tx_001088,163,2023-03-30,10.76,rent,LocalGym,USD
tx_001089,55,2023-08-24,103.94,health,Spotify,USD
tx_001090,42,2024-03-21,37.61,investment,Shell,USD
tx_001091,158,2023-10-22,138.44,education,Amazon,USD
tx_001092,196,2023-04-10,16.92,utilities,LocalGym,USD
tx_001093,29,2024-08-10,12.32,entertainment,Starbucks,USD
tx_001094,152,2023-02-13,24.78,education,Starbucks,USD
tx_001095,199,2023-08-02,46.93,investment,Uber,USD
tx_001096,53,2024-09-09,67.47,rent,Starbucks,USD
tx_001097,169,2024-03-25,41.59,investment,LocalGym,USD
tx_001098,196,2023-02-04,2.2,education,Walmart,USD
tx_001099,29,2023-07-26,33.57,groceries,Amazon,USD
tx_001100,24,2023-01-20,72.55,rent,Amazon,USD
tx_001101,5,2024-10-09,34.56,transport,Uber,USD
tx_001102,159,2023-01-04,2.58,education,Uber,USD
tx_001103,30,2023-05-20,30.89,investment,Spotify,USD
tx_001104,182,2023-04-22,11.13,transport,LocalGym,USD
tx_001105,71,2024-09-27,69.11,health,Walmart,USD
tx_001106,180,2024-12-05,35.41,health,Shell,USD
tx_001107,172,2024-02-11,32.76,health,Uber,USD
tx_001108,76,2023-04-15,77.3,groceries,Amazon,USD
tx_001109,39,2023-04-24,14.56,education,Spotify,USD
tx_001110,82,2024-06-24,11.86,education,Starbucks,USD
tx_001111,133,2024-10-29,35.84,rent,Walmart,USD
tx_001112,141,2023-01-18,2.78,health,Starbucks,USD
tx_001113,151,2023-12-26,61.88,rent,Shell,USD
tx_001114,139,2024-09-27,66.51,health,Amazon,USD
tx_001115,25,2024-01-20,76.38,utilities,Walmart,USD
tx_001116,101,2023-03-15,9.0,rent,Uber,USD
tx_001117,69,2024-09-12,32.29,transport,Amazon,USD
tx_001118,64,2024-09-09,88.97,investment,Walmart,USD
tx_001119,7,2023-02-10,31.53,entertainment,Spotify,USD
tx_001120,6,2024-02-29,43.67,rent,LocalGym,USD
tx_001121,174,2024-01-12,60.19,investment,Walmart,USD
tx_001122,137,2023-05-26,146.16,entertainment,Amazon,USD
tx_001123,43,2023-01-10,28.88,rent,Amazon,USD
tx_001124,140,2024-10-12,13.03,utilities,Shell,USD
tx_001125,121,2023-05-06,18.59,education,Uber,USD
tx_001126,134,2023-05-13,50.64,transport,Starbucks,USD
tx_001127,38,2023-08-13,150.92,groceries,Amazon,USD
tx_001128,70,2023-02-15,123.29,entertainment,WholeFoods,USD
tx_001129,89,2024-02-16,38.48,investment,Shell,USD
tx_001130,139,2023-03-21,21.24,health,WholeFoods,USD
tx_001131,159,2024-12-25,5.59,education,Starbucks,USD
tx_001132,122,2023-06-11,38.77,entertainment,Uber,USD
tx_001133,168,2024-02-29,39.34,transport,Spotify,USD
tx_001134,47,2024-05-22,124.57,rent,WholeFoods,USD
tx_001135,175,2023-03-17,171.98,investment,Shell,USD
tx_001136,131,2023-05-22,65.21,utilities,Uber,USD
tx_001137,141,2023-01-08,44.77,utilities,WholeFoods,USD
tx_001138,12,2024-04-28,103.45,rent,Amazon,USD
tx_001139,110,2023-10-22,3.36,entertainment,Amazon,USD
tx_001140,57,2024-12-19,51.16,rent,LocalGym,USD
tx_001141,69,2024-07-16,22.6,utilities,Shell,USD
tx_001142,140,2024-09-04,10.98,transport,WholeFoods,USD
tx_001143,171,2023-06-02,89.47,health,Spotify,USD
tx_001144,107,2024-07-12,44.28,entertainment,Amazon,USD
tx_001145,48,2023-09-06,8.32,education,Walmart,USD
tx_001146,110,2023-01-04,2.96,utilities,LocalGym,USD
tx_001147,185,2023-01-27,7.75,rent,Amazon,USD
tx_001148,195,2023-03-31,106.35,utilities,Walmart,USD
tx_001149,27,2023-03-06,20.45,transport,Starbucks,USD
tx_001150,60,2024-01-13,13.95,rent,LocalGym,USD
tx_001151,196,2023-03-12,15.48,rent,LocalGym,USD
tx_001152,9,2024-06-05,38.05,utilities,LocalGym,USD
tx_001153,84,2024-05-23,7.33,transport,Shell,USD
tx_001154,4,2024-03-05,8.92,entertainment,Walmart,USD
tx_001155,118,2023-09-18,51.78,health,Walmart,USD
tx_001156,133,2023-01-10,34.21,utilities,Amazon,USD
tx_001157,145,2023-02-22,29.3,utilities,Spotify,USD
tx_001158,144,2023-08-13,162.04,health,Amazon,USD
tx_001159,83,2024-02-01,39.63,rent,Shell,USD
tx_001160,131,2023-12-05,2.63,investment,WholeFoods,USD
tx_001161,4,2023-01-11,84.34,investment,Uber,USD
tx_001162,14,2024-04-27,33.37,groceries,Amazon,USD
tx_001163,200,2023-04-23,20.02,health,LocalGym,USD
tx_001164,145,2023-03-25,23.99,health,WholeFoods,USD
tx_001165,3,2023-02-23,16.82,health,Uber,USD
tx_001166,9,2024-05-23,15.67,transport,Shell,USD
tx_001167,176,2023-08-04,44.63,health,Walmart,USD
tx_001168,88,2024-10-08,2.61,investment,LocalGym,USD
tx_001169,137,2023-01-27,111.55,entertainment,WholeFoods,USD
tx_001170,158,2023-02-26,11.52,rent,Uber,USD
tx_001171,108,2023-12-01,6.76,groceries,Amazon,USD
tx_001172,185,2023-07-13,84.43,investment,LocalGym,USD
tx_001173,199,2023-02-02,5.56,utilities,Walmart,USD
tx_001174,172,2023-11-03,47.13,rent,Walmart,USD
tx_001175,174,2024-12-03,97.77,education,Shell,USD
tx_001176,62,2024-01-29,54.89,education,Shell,USD
tx_001177,126,2023-06-22,136.65,education,Spotify,USD
tx_001178,129,2023-09-28,1122.96,health,LocalGym,USD
tx_001179,37,2024-08-20,79.51,utilities,WholeFoods,USD
tx_001180,125,2024-01-21,9.12,utilities,Starbucks,USD
tx_001181,164,2023-07-08,4.46,education,Uber,USD
tx_001182,134,2023-09-23,19.27,entertainment,WholeFoods,USD
tx_001183,148,2024-12-12,27.54,transport,WholeFoods,USD
tx_001184,182,2024-10-02,29.0,education,Uber,USD
tx_001185,58,2023-09-01,41.33,utilities,LocalGym,USD
tx_001186,157,2023-02-11,95.93,investment,LocalGym,USD
tx_001187,186,2023-03-02,17.32,health,Uber,USD
tx_001188,80,2023-05-25,37.91,health,WholeFoods,USD
tx_001189,128,2023-10-15,15.51,entertainment,Amazon,USD
tx_001190,32,2023-10-14,46.71,health,Walmart,USD
tx_001191,114,2024-04-10,63.18,health,LocalGym,USD
tx_001192,80,2024-08-13,18.24,rent,WholeFoods,USD
tx_001193,76,2023-11-04,127.1,rent,Walmart,USD
tx_001194,74,2024-01-17,16.57,transport,Starbucks,USD
tx_001195,156,2023-02-20,32.36,groceries,Amazon,USD
tx_001196,104,2024-09-30,72.85,rent,Spotify,USD
tx_001197,118,2024-12-08,25.26,entertainment,Shell,USD
tx_001198,162,2023-08-27,5.5,groceries,Shell,USD
tx_001199,134,2024-09-05,23.58,entertainment,Uber,USD
tx_001200,180,2023-09-11,46.82,health,Amazon,USD
